﻿"Namespace","Hostname","CPU Usage %","Memory Usage %","Disk  Usage % ""/""","Disk Usage %  ""/data""","Memory Usage","Total Memory","Total CPU Cores","CPU Cores Usage","Total Disk At ""/""","Disk Usage At ""/""","Total Disk At ""/data""","Disk Usage At ""/data"""
remote-signing,es-db-01,0.345%,50.4%,4.68%,9.31%,7.98 GiB,15.8 GiB,4,0.0138,180 GB,8.43 GB,527 GB,49.1 GB
remote-signing,es-db-02,11.3%,52.1%,5.04%,9.42%,8.25 GiB,15.8 GiB,4,0.452,180 GB,9.07 GB,528 GB,49.8 GB
remote-signing,rs-db-my-c1-01,3.01%,87.7%,3.17%,10.2%,13.7 GiB,15.7 GiB,8,0.241,90.0 GB,2.85 GB,317 GB,32.4 GB
remote-signing,rs-db-my-c1-02,3.38%,87.7%,3.02%,10.2%,13.7 GiB,15.7 GiB,8,0.270,90.0 GB,2.71 GB,317 GB,32.4 GB

