﻿"Namespace","Hostname","CPU Usage %","Memory Usage %","Disk  Usage % ""/""","Disk Usage %  ""/data""","Memory Usage","Total Memory","Total CPU Cores","CPU Cores Usage","Total Disk At ""/""","Disk Usage At ""/""","Total Disk At ""/data""","Disk Usage At ""/data""","server","IP"
remote-signing,es-db-01,0.333%,69.4%,4.68%,9.30%,11.0 GiB,15.8 GiB,4,0.0133,180 GB,8.42 GB,527 GB,49.0 GB,mysql,172.16.199.10
remote-signing,es-db-02,8.67%,48.9%,5.04%,9.11%,7.74 GiB,15.8 GiB,4,0.347,180 GB,9.06 GB,528 GB,48.1 GB,mysql,172.16.199.11
remote-signing,rs-db-my-c1-01,1.34%,57.6%,3.02%,10.4%,13.6 GiB,23.7 GiB,8,0.107,90.0 GB,2.72 GB,317 GB,33.0 GB,mysql,172.16.199.13
remote-signing,rs-db-my-c1-02,1.33%,57.6%,3.02%,10.4%,13.6 GiB,23.7 GiB,8,0.107,90.0 GB,2.72 GB,317 GB,33.0 GB,mysql,172.16.199.15

