﻿"Namespace","Hostname","CPU Usage %","Memory Usage %","Disk  Usage % ""/""","Disk Usage %  ""/data""","Memory Usage","Total Memory","Total CPU Cores","CPU Cores Usage","Total Disk At ""/""","Disk Usage At ""/""","Total Disk At ""/data""","Disk Usage At ""/data"""
amisplatform-wesign,hl-wes-my00001a,3.12%,63.1%,3.41%,3.79%,14.9 GiB,23.7 GiB,4,0.125,90.0 GB,3.06 GB,537 GB,20.3 GB
amisplatform-wesign,hl-wes-my00002a,0.222%,27.1%,3.41%,1.11%,6.38 GiB,23.5 GiB,8,0.0178,90.0 GB,3.07 GB,644 GB,7.18 GB
amisplatform-wesign,pv-wes-my00001b,0.628%,60.4%,3.72%,3.74%,14.3 GiB,23.7 GiB,4,0.0251,91.2 GB,3.39 GB,537 GB,20.1 GB
amisplatform-wesign,pv-wes-my00002b,0.295%,36.7%,3.71%,1.12%,8.62 GiB,23.5 GiB,8,0.0236,91.2 GB,3.38 GB,644 GB,7.24 GB

