﻿"Namespace","Hostname","CPU Usage %","Memory Usage %","Disk  Usage % ""/""","Disk Usage %  ""/data""","Memory Usage","Total Memory","Total CPU Cores","CPU Cores Usage","Total Disk At ""/""","Disk Usage At ""/""","Total Disk At ""/data""","Disk Usage At ""/data""","server","IP"
amisplatform-wesign,hl-wes-my00001a,4.26%,46.9%,15.7%,4.90%,11.0 GiB,23.5 GiB,4,0.170,90.0 GB,14.1 GB,537 GB,26.3 GB,mysql,172.16.195.244
amisplatform-wesign,hl-wes-my00002a,0.276%,14.3%,4.67%,1.12%,3.35 GiB,23.5 GiB,8,0.0221,90.0 GB,4.20 GB,644 GB,7.21 GB,mysql,10.64.132.52
amisplatform-wesign,pv-wes-my00001b,0.648%,68.8%,3.73%,4.85%,16.2 GiB,23.5 GiB,4,0.0259,91.2 GB,3.40 GB,537 GB,26.1 GB,mysql,172.16.195.245
amisplatform-wesign,pv-wes-my00002b,0.227%,23.0%,3.72%,1.12%,5.42 GiB,23.5 GiB,8,0.0181,91.2 GB,3.39 GB,644 GB,7.24 GB,mysql,10.64.132.53

