﻿"Namespace","Hostname","CPU Usage %","Memory Usage %","Disk  Usage % ""/""","Disk Usage %  ""/data""","Memory Usage","Total Memory","Total CPU Cores","CPU Cores Usage","Total Disk At ""/""","Disk Usage At ""/""","Total Disk At ""/data""","Disk Usage At ""/data"""
remote-signing,es-db-01,0.345%,50.3%,4.68%,9.16%,7.97 GiB,15.8 GiB,4,0.0138,180 GB,8.42 GB,527 GB,48.3 GB
remote-signing,es-db-02,48.2%,48.4%,5.04%,9.31%,7.66 GiB,15.8 GiB,4,1.93,180 GB,9.07 GB,528 GB,49.2 GB
remote-signing,rs-db-my-c1-01,1.42%,74.5%,3.02%,7.18%,11.7 GiB,15.7 GiB,8,0.114,90.0 GB,2.72 GB,317 GB,22.7 GB
remote-signing,rs-db-my-c1-02,1.42%,74.5%,3.02%,7.18%,11.7 GiB,15.7 GiB,8,0.114,90.0 GB,2.72 GB,317 GB,22.7 GB

